{"cameraMode":{"drawMode":0,"name":"Shaded","section":"Shading Mode"},"sceneLighting":false,"audioPlay":false,"sceneViewState":{"m_AlwaysRefresh":false,"showFog":true,"showSkybox":false,"showFlares":true,"showImageEffects":true,"showParticleSystems":true,"showVisualEffectGraphs":true,"m_FxEnabled":true},"in2DMode":false,"pivot":{"x":0.12678146362304688,"y":-0.30355000495910647,"z":0.03231799602508545},"rotation":{"x":-0.0031435941345989706,"y":-0.7155346274375916,"z":-0.0032199241686612369,"w":0.6985644698143005},"size":2.868931531906128,"orthographic":false}