{"cameraMode":{"drawMode":0,"name":"Shaded","section":"Shading Mode"},"sceneLighting":false,"audioPlay":false,"sceneViewState":{"m_AlwaysRefresh":false,"showFog":true,"showSkybox":false,"showFlares":true,"showImageEffects":true,"showParticleSystems":true,"showVisualEffectGraphs":true,"m_FxEnabled":true},"in2DMode":false,"pivot":{"x":-0.5165773034095764,"y":1.4180865287780762,"z":0.9484696388244629},"rotation":{"x":0.0007083609816618264,"y":-0.9981851577758789,"z":-0.011978722177445889,"w":-0.05906252935528755},"size":2.368215560913086,"orthographic":false}