{"cameraMode":{"drawMode":0,"name":"Shaded","section":"Shading Mode"},"sceneLighting":false,"audioPlay":false,"sceneViewState":{"m_AlwaysRefresh":false,"showFog":true,"showSkybox":false,"showFlares":true,"showImageEffects":true,"showParticleSystems":true,"showVisualEffectGraphs":true,"m_FxEnabled":true},"in2DMode":false,"pivot":{"x":-0.16421175003051759,"y":0.5368648767471314,"z":-1.1816442012786866},"rotation":{"x":-0.008726499043405056,"y":-0.762903094291687,"z":-0.010299872606992722,"w":0.6463738083839417},"size":4.0893168449401859,"orthographic":false}