{"cameraMode":{"drawMode":0,"name":"Shaded","section":"Shading Mode"},"sceneLighting":false,"audioPlay":false,"sceneViewState":{"showFog":true,"showMaterialUpdate":true,"showSkybox":false,"showFlares":true,"showImageEffects":true,"showParticleSystems":true},"in2DMode":false,"pivot":{"x":0.044202327728271487,"y":0.3261864185333252,"z":-0.07468712329864502},"rotation":{"x":-0.15979748964309693,"y":0.06273608654737473,"z":-0.010167687200009823,"w":-0.9851226210594177},"size":2.7517192363739015,"orthographic":false}