{"cameraMode":{"drawMode":0,"name":"Shaded","section":"Shading Mode"},"sceneLighting":false,"audioPlay":false,"sceneViewState":{"showFog":true,"showMaterialUpdate":true,"showSkybox":false,"showFlares":true,"showImageEffects":true,"showParticleSystems":true},"in2DMode":false,"pivot":{"x":-0.09965436160564423,"y":-0.10923683643341065,"z":0.062170982360839847},"rotation":{"x":-0.14483125507831574,"y":0.07916448265314102,"z":-0.011616634204983712,"w":-0.9862368106842041},"size":0.9274687170982361,"orthographic":false}