{"cameraMode":{"drawMode":0,"name":"Shaded","section":"Shading Mode"},"sceneLighting":false,"audioPlay":false,"sceneViewState":{"showFog":true,"showMaterialUpdate":true,"showSkybox":true,"showFlares":true,"showImageEffects":true,"showParticleSystems":true},"in2DMode":false,"pivot":{"x":26.06000328063965,"y":2.611968994140625,"z":-16.88088035583496},"rotation":{"x":0.004157280549407005,"y":-0.11763433367013931,"z":-0.0005241188337095082,"w":-0.9930883049964905},"size":30.400999069213868,"orthographic":false}