{"cameraMode":{"drawMode":0,"name":"Shaded","section":"Shading Mode"},"sceneLighting":false,"audioPlay":false,"sceneViewState":{"showFog":true,"showMaterialUpdate":true,"showSkybox":true,"showFlares":true,"showImageEffects":true,"showParticleSystems":true},"in2DMode":false,"pivot":{"x":9.672086715698243,"y":2.158564805984497,"z":-1.675093650817871},"rotation":{"x":-0.042206715792417529,"y":0.43098869919776919,"z":-0.020207593217492105,"w":-0.9011809825897217},"size":12.242340087890625,"orthographic":false}