{"cameraMode":{"drawMode":0,"name":"Shaded","section":"Shading Mode"},"sceneLighting":false,"audioPlay":false,"sceneViewState":{"showFog":true,"showMaterialUpdate":true,"showSkybox":false,"showFlares":true,"showImageEffects":true,"showParticleSystems":true},"in2DMode":false,"pivot":{"x":-0.0036840438842773439,"y":-0.04818451404571533,"z":0.1963059902191162},"rotation":{"x":-0.11773908883333206,"y":0.6462185382843018,"z":-0.10184889286756516,"w":-0.7471372485160828},"size":2.476179599761963,"orthographic":false}