{"cameraMode":{"drawMode":0,"name":"Shaded","section":"Shading Mode"},"sceneLighting":false,"audioPlay":false,"sceneViewState":{"showFog":true,"showMaterialUpdate":true,"showSkybox":false,"showFlares":true,"showImageEffects":true,"showParticleSystems":true},"in2DMode":false,"pivot":{"x":-0.23784512281417848,"y":0.042232394218444827,"z":-0.44005200266838076},"rotation":{"x":-0.15979748964309693,"y":0.06273608654737473,"z":-0.010167687200009823,"w":-0.9851226210594177},"size":2.4099209308624269,"orthographic":false}