{"cameraMode":{"drawMode":0,"name":"Shaded","section":"Shading Mode"},"sceneLighting":false,"audioPlay":false,"sceneViewState":{"showFog":true,"showMaterialUpdate":true,"showSkybox":false,"showFlares":true,"showImageEffects":true,"showParticleSystems":true},"in2DMode":false,"pivot":{"x":-0.021804511547088624,"y":0.29151463508605959,"z":0.1831684708595276},"rotation":{"x":-0.15979748964309693,"y":0.06273608654737473,"z":-0.010167687200009823,"w":-0.9851226210594177},"size":2.603992462158203,"orthographic":false}