{"cameraMode":{"drawMode":0,"name":"Shaded","section":"Shading Mode"},"sceneLighting":false,"audioPlay":false,"sceneViewState":{"showFog":true,"showMaterialUpdate":true,"showSkybox":false,"showFlares":true,"showImageEffects":true,"showParticleSystems":true},"in2DMode":false,"pivot":{"x":0.06160593032836914,"y":-0.7588531970977783,"z":-0.164048433303833},"rotation":{"x":-0.15979748964309693,"y":0.06273608654737473,"z":-0.010167687200009823,"w":-0.9851226210594177},"size":2.376436710357666,"orthographic":false}