{"cameraMode":{"drawMode":0,"name":"Shaded","section":"Shading Mode"},"sceneLighting":false,"audioPlay":false,"sceneViewState":{"showFog":true,"showMaterialUpdate":true,"showSkybox":false,"showFlares":true,"showImageEffects":true,"showParticleSystems":true},"in2DMode":false,"pivot":{"x":-0.09816902875900269,"y":0.2976899743080139,"z":-0.34621840715408327},"rotation":{"x":-0.1690656691789627,"y":0.17985215783119203,"z":-0.03138614445924759,"w":-0.9685689806938171},"size":2.3682150840759279,"orthographic":false}