{"cameraMode":{"drawMode":0,"name":"Shaded","section":"Shading Mode"},"sceneLighting":false,"audioPlay":false,"sceneViewState":{"showFog":true,"showMaterialUpdate":true,"showSkybox":true,"showFlares":true,"showImageEffects":true,"showParticleSystems":true},"in2DMode":false,"pivot":{"x":-1.3163738250732422,"y":11.470638275146485,"z":-13.550987243652344},"rotation":{"x":0.032482534646987918,"y":-0.11012600362300873,"z":-0.0036368025466799738,"w":-0.9934271574020386},"size":28.697994232177736,"orthographic":false}