{"cameraMode":{"drawMode":0,"name":"Shaded","section":"Shading Mode"},"sceneLighting":false,"audioPlay":false,"sceneViewState":{"showFog":true,"showMaterialUpdate":true,"showSkybox":false,"showFlares":true,"showImageEffects":true,"showParticleSystems":true},"in2DMode":false,"pivot":{"x":0.17640948295593263,"y":-0.02429097890853882,"z":-0.2915380001068115},"rotation":{"x":-0.03384852036833763,"y":0.712399423122406,"z":-0.03444286808371544,"w":-0.7001128196716309},"size":2.367647171020508,"orthographic":false}