{"cameraMode":{"drawMode":0,"name":"Shaded","section":"Shading Mode"},"sceneLighting":false,"audioPlay":false,"sceneViewState":{"showFog":true,"showMaterialUpdate":true,"showSkybox":false,"showFlares":true,"showImageEffects":true,"showParticleSystems":true},"in2DMode":false,"pivot":{"x":0.17640924453735352,"y":-0.02429097890853882,"z":-0.2915380597114563},"rotation":{"x":-0.02398202195763588,"y":0.4780159294605255,"z":-0.013057935982942582,"w":-0.8779286742210388},"size":2.667646884918213,"orthographic":false}